

insert into personal_finance.transactions_account (id, account_type, account_name, description, user_id)
values  (1, 'CREDIT_CARD', 'Rakuten Card', null, 1),
        (2, 'CREDIT_CARD', 'EPOS Card', null, 1),
        (3, 'CREDIT_CARD', 'Docomo Card', null, 1),
        (4, 'BANK_ACCOUNT', 'Mizuho', null, 1);

#category types
# 1 -> Transaction
# 2 -> Income
# 3 -> Saving
# 4 -> Payment
insert into personal_finance.transactions_transactioncategory (id, category, category_type, description, user_id)
values  (1, 'Housing', 1, null, 1),
        (2, 'Transportation', 1, null, 1),
        (3, 'Food', 1, null, 1),
        (4, 'Utilities', 1, null, 1),
        (5, 'Taxes', 1, null, 1),
        (6, 'Savings', 3, null, 1),
        (7, 'Entertainment', 1, null, 1),
        (8, 'Shopping', 1, null, 1),
        (9, 'Clothing and Accessories', 1, null, 1),
        (10, 'Personal Care', 1, null, 1),
        (11, 'Healthcare', 1, null, 1),
        (12, 'Insurance', 1, null, 1),
        (13, 'Education', 1, null, 1),
        (14, 'Cash Payments', 4, null, 1),
        (15, 'Charitable Giving', 1, null, 1),
        (16, 'Miscellaneous', 1, null, 1),
        (17, 'Income', 2, null, 1),
        (1000, 'N/A', 1, null, 1);

insert into personal_finance.transactions_transactionsubcategory (id, name, description, category_id, user_id)
values  (1, 'Mortgage/Rent', null, 1, 1),
        (2, 'Home/Parking Management fees', null, 1, 1),
        (3, 'Home Insurance', null, 1, 1),
        (4, 'Home Repairs/Maintenance', null, 1, 1),
        (5, 'Car Payment', null, 2, 1),
        (6, 'Auto Insurance', null, 2, 1),
        (7, 'Fuel/Gas', null, 2, 1),
        (8, 'Maintenance/Repairs', null, 2, 1),
        (9, 'Public Transportation', null, 2, 1),
        (10, 'Parking', null, 2, 1),
        (11, 'Tolls', null, 2, 1),
        (12, 'Car Rental', null, 2, 1),
        (13, 'Groceries', null, 3, 1),
        (14, 'Dining Out', null, 3, 1),
        (15, 'Snacks/Coffee', null, 3, 1),
        (16, 'Electricity', null, 4, 1),
        (17, 'Gas', null, 4, 1),
        (18, 'Water', null, 4, 1),
        (19, 'Internet', null, 4, 1),
        (20, 'Phone/Mobile', null, 4, 1),
        (21, 'Cable/TV', null, 4, 1),
        (22, 'Income Tax', null, 5, 1),
        (23, 'Residence Tax', null, 5, 1),
        (24, 'Property Tax', null, 5, 1),
        (25, 'Vehicle Tax', null, 5, 1),
        (26, 'Other', null, 5, 1),
        (27, 'Emergency Fund', null, 6, 1),
        (28, 'Investments (Securities)', null, 6, 1),
        (29, 'Retirement Savings', null, 6, 1),
        (30, 'Cash Deposits', null, 6, 1),
        (31, 'Subscriptions', null, 7, 1),
        (32, 'Movies/Theater/Concerts', null, 7, 1),
        (33, 'Entrance Tickets', null, 7, 1),
        (34, 'Hobbies', null, 7, 1),
        (35, 'Vacations/Travel', null, 7, 1),
        (36, 'Household Items', null, 8, 1),
        (37, 'Furniture', null, 8, 1),
        (38, 'Electronics', null, 8, 1),
        (39, 'Miscellaneous', null, 8, 1),
        (40, 'Clothing Purchases', null, 9, 1),
        (41, 'Shoes Purchases', null, 9, 1),
        (42, 'Dry Cleaning/Laundry', null, 9, 1),
        (43, 'Haircuts/Salon', null, 10, 1),
        (44, 'Cosmetics/Toiletries', null, 10, 1),
        (45, 'Gym Memberships', null, 10, 1),
        (46, 'Health Insurance Premiums', null, 11, 1),
        (47, 'Medical/Dental/Vision Expenses', null, 11, 1),
        (48, 'Prescriptions/Medications', null, 11, 1),
        (49, 'Health Club Memberships', null, 11, 1),
        (50, 'Life Insurance', null, 12, 1),
        (51, 'Disability Insurance', null, 12, 1),
        (52, 'Long-Term Care Insurance', null, 12, 1),
        (53, 'Educational Courses', null, 13, 1),
        (54, 'Tuition/Fees', null, 13, 1),
        (55, 'Books/Supplies', null, 13, 1),
        (56, 'Personal Loan Payments', null, 14, 1),
        (57, 'Credit Card Payments', null, 14, 1),
        (58, 'Cash Payments', null, 14, 1),
        (59, 'Donations to Charities/Organizations', null, 15, 1),
        (60, 'Gifts', null, 16, 1),
        (61, 'Pet Expenses', null, 16, 1),
        (62, 'Bank Fees', null, 16, 1),
        (63, 'Postal Fees', null, 16, 1),
        (64, 'Legal/Professional Fees', null, 16, 1),
        (65, 'Salary/Wages', null, 17 , 1),
        (66, 'Freelance Income', null, 17 , 1),
        (67, 'Investment Income', null, 17 , 1),
        (68, 'Rental Income', null, 17 , 1),
        (69, 'Side Gig Income', null, 17 , 1),
        (70, 'Interest Income', null, 17 , 1),
        (71, 'Bonus/Commission', null, 17 , 1),
        (72, 'Gifts/Donations', null, 17 , 1),
        (73, 'Government Assistance', null, 17 , 1),
        (74, 'Other', null, 17 , 1),
        (1000, 'N/A', null, 1000, 1);

